topic_label,words
Sociocultural Context,"['theoretical', 'culture', 'cultural', 'relation', 'symposium', 'mediate', 'situate', 'notion', 'dimension', 'sociocultural']"
Embodied Cognition,"['gesture', 'object', 'graph', 'body', 'embody', 'movement', 'dynamic', 'physical', 'embodiment', 'motion']"
Epistemological Cognition,"['argumentation', 'argument', 'claim', 'source', 'epistemic', 'reasoning', 'quality', 'criterion', 'scientific_reason', 'justification']"
Critique and Revision ,"['critique', 'guidance', 'revise', 'integration', 'revision', 'unit', 'rubric', 'energy', 'step', 'prompt']"
Feedback and Assessment,"['feedback', 'instructor', 'assignment', 'quality', 'section', 'active', 'traditional', 'college', 'receive', 'grade']"
Professional Development,"['lesson', 'reflection', 'plan', 'professional_development', 'pedagogical', 'whole_class', 'planning', 'frame', 'enactment', 'professional']"
Second Language Learning,"['text', 'read', 'language', 'word', 'literacy', 'reading', 'document', 'sentence', 'comprehension', 'english']"
Problem Solving,"['phase', 'solution', 'problem_solv', 'transfer', 'solve', 'domain', 'script', 'interactive', 'step', 'guidance']"
Scaffolding,"['simulation', 'experiment', 'virtual', 'physical', 'scaffold', 'lab', 'scaffolding', 'run', 'investigation', 'prompt']"
Eye-tracking and Gaze,"['pair', 'partner', 'dyad', 'dialogue', 'tutor', 'gaze', 'attention', 'step', 'quality', 'eye_track']"
Maker,"['youth', 'stem', 'site', 'mentor', 'library', 'maker', 'local', 'medium', 'city', 'pathway']"
Coding,"['network', 'code', 'analytic', 'cluster', 'qualitative', 'link', 'word', 'visualization', 'quantitative', 'behavior']"
Learning Environments,"['scientist', 'disciplinary', 'phenomenon', 'investigation', 'water', 'authentic', 'light', 'uncertainty', 'frame', 'unit']"
Museum,"['representation', 'exhibit', 'museum', 'map', 'visitor', 'physical', 'visual', 'location', 'informal', 'image']"
Knowledge Building,"['knowledge_build', 'collective', 'epistemic', 'contribution', 'reflection', 'object', 'productive', 'advance', 'thread', 'creation']"
Complex Systems,"['unit', 'progression', 'component', 'complex_system', 'biology', 'population', 'modeling', 'map', 'ecosystem', 'scale']"
Multiple Representations,"['condition', 'score', 'item', 'comparison', 'receive', 'control', 'prompt', 'average', 'session', 'experimental']"
Online Course,"['communication', 'post', 'mooc', 'quality', 'contribution', 'comment', 'chat', 'message', 'forum', 'social_media']"
Conceptual Learning,"['physics', 'energy', 'misconception', 'element', 'force', 'interview', 'particle', 'representation', 'phenomenon', 'earth']"
Metacognition,"['behavior', 'regulation', 'awareness', 'positive', 'motivation', 'affect', 'emotion', 'self_efficacy', 'agent', 'metacognitive']"
Leadership,"['team', 'network', 'implementation', 'innovation', 'leadership', 'meeting', 'leader', 'policy', 'district', 'organizational']"
expertise,"['engineering', 'expert', 'novice', 'expertise', 'engineer', 'artifact', 'designer', 'solution', 'failure', 'studio']"
Identity and Equity,"['identity', 'position', 'power', 'woman', 'cultural', 'equity', 'history', 'historical', 'gender', 'agency']"
Mathematic,"['mathematic', 'mathematical', 'math', 'reasoning', 'function', 'algebra', 'productive', 'attend', 'event', 'middle']"
Software,"['user', 'digital', 'access', 'app', 'session', 'software', 'application', 'display', 'device', 'tablet']"
Workshop and Robot,"['stem', 'programming', 'workshop', 'computational', 'robot', 'code', 'compute', 'high_school', 'computing', 'scratch']"
Games and Gaming,"['game', 'parent', 'family', 'player', 'medium', 'digital', 'gaming', 'facilitator', 'card', 'character']"
