0,"Steinbock, Daniel"
1,"Silva, Glauco"
2,"Peppler, Kylie A"
3,"Iikubo, Shinya"
4,"Litts, Breanne K."
5,"Crossley, Scott"
6,"Huang, Hai"
7,"Walker, Susan"
8,"Gilbuena, Debra"
9,"Ke, Fengfeng"
10,"Tan, Esther"
11,"Oliver, Merrin"
12,"Saleh, Asmalina"
13,"Cutumisu, Maria"
14,"DesPortes, Kayla"
15,"Kozlov, Michail D."
16,"Matuk, Camillia"
17,"Flood, Virginia J"
18,"Grover, Shuchi"
19,"Kessler, Aaron M."
20,"Ramey, Kay E"
21,"Liberti, Jamie"
22,"Georgiou, Yiannis"
23,"Zhang, Zhihui Helen"
24,"Derry, Sharon J."
25,"Bayeck, Rebecca Yvonne"
26,"Witherspoon, Eben"
27,"Bereiter, Carl"
28,"Anderson, Craig G."
29,"Howley, Iris"
30,"Asino, Tutaleni I. I"
31,"Nachtigall, Valentina"
32,"Manske, Sven"
33,"Arvidsson, Toi Sin"
34,"Richards, Jennifer"
35,"Hokayem, Hayat"
36,"Glogger, Inga"
37,"Esmonde, Indigo"
38,"Taylor, Katie Headrick"
39,"Renga, Ian Parker"
40,"Lee, Ung-Sang"
41,"Deiglmayr, Anne"
42,"Curnow, Joe"
43,"Searle, Kristin A"
44,"Jaafar, Nurjanah Mohd"
45,"Rafferty, Anna N."
46,"Cai, Huiying"
47,"Wright, Christopher G."
48,"Tierney, Gavin"
49,"DeJaegher, Crystal J."
50,"Hod, Yotam"
51,"Gomez, Kimberley"
52,"Martinez-Maldonado, Roberto"
53,"Pedersen, Alex Young"
54,"Irving, Paul W."
55,"Wheeler, Penny"
56,"Jacobson, Michael"
57,"Rourke, Liam"
58,"Greenhow, Chrisine"
59,"Zivic, Aliza"
60,"Öztok, Murat"
61,"Kuhn, Deanna"
62,"Perritano, Anthony"
63,"Nazare, Juliana"
64,"Byrne, Virginia L"
65,"Shah, Niral"
66,"Zhou, He"
67,"Lee, Victor R."
68,"Davenport, Jodi L."
69,"Kumar, Melissa"
70,"Tong, Yuyao"
71,"Powell, Sandy"
72,"Fuhrmann, Tamar"
73,"Belland, Brian R."
74,"Langer-Osuna, Jennifer"
75,"Settlage, John"
76,"Penuel, William"
77,"Knight, Simon"
78,"Nistor, Nicolae"
79,"Mercier, Emma"
80,"Diana, Nicholas"
81,"Bell, Amani"
82,"Sherwood, Carrie-Anne"
83,"Davis, Richard Lee"
84,"Phillips, Rachel S."
85,"Richter, Christoph"
86,"Flood, Virginia J."
87,"Bientzle, Martina"
88,"Namdar, Bahadir"
89,"Svihla, Vanessa"
90,"Wekerle, Christina"
91,"Bender, Sophia"
92,"Drake, Joel"
93,"Lanouette, Kathryn"
94,"Eisenberg, Michael"
95,"Gebre, Engida"
96,"Bhaduri, Srinjita"
97,"Caccamise, Donna"
98,"Vossoughi, Shirin"
99,"Acosta, Alisa"
100,"Eagan, Brendan R."
101,"Close, Eleanor W."
102,"Roque, Ricarose"
103,"Tsovaltzi, Dimitra"
104,"Renken, Maggie"
105,"Borge, Marcela"
106,"Bian, Yulong"
107,"Barton, Angela Calabrese"
108,"Heyd-Metzuyanim, Einat"
109,"Moussavi, Raha"
110,"Wise, Alyssa Friend"
111,"Harsley, Rachel"
112,"Gresalfi, Melissa"
113,"Puttick, Gillian"
114,"Jiang, Shiyan"
115,"de Jong, Frank"
116,"Holstein, Kenneth"
117,"Hew, Khe Foon"
118,"Sunnen, Patrick"
119,"Huang, Jun Song"
120,"DiGiacomo, Daniela K."
121,"Fong, Cresencia"
122,"Feng, Mingyu"
123,"Geller, Benjamin D."
124,"Chen, Ying-Chih"
125,"Charles, Elizabeth S."
126,"Sharma, Kshitij"
127,"Ryoo, Kihyun"
128,"Udomprasert, Patricia"
129,"Barab, Sasha"
130,"Magnifico, Alecia Marie"
131,"Price-Dennis, Detra"
132,"Azevedo, Flávio S."
133,"Sullins, Jeremiah"
134,"Jacobson, Michael J."
135,"Wu, Sally P. W."
136,"Furtak, Erin Marie"
137,"Chaffee, Rachel"
138,"Koh, Elizabeth"
139,"Segovia, Gloria Alicia"
140,"Minshew, Lana M."
141,"Olsen, Jennifer K."
142,"Vaishampayan, Gauri A."
143,"Dolonen, Jan Arild"
144,"Lenton, Kevin"
145,"Fitzgerald, Miranda S"
146,"Lam, Rachel J."
147,"Bruchok, Christiana Bruchok"
148,"Thoma, Serena"
149,"Sommerhoff, Daniel"
150,"Abrahamson, Dor"
151,"Penuel, William R."
152,"Ghazali-Mohammed, Zayba"
153,"Teplovs, Chris"
154,"Weintrop, David"
155,"Stiles, Abigail"
156,"Greisel, Martin"
157,"Rish, Ryan"
158,"Vedder-Weiss, Dana"
159,"Brami, Uzi Zevik"
160,"Lyons, Leilah"
161,"Goldin, Simona"
162,"Galbreath, Marcie"
163,"Niedermeier, Sandra"
164,"Fields, Deborah A."
165,"Duncan, Ravit Golan"
166,"Scipio, Déana"
167,"Mochizuki, Toshio"
168,"Dowell, Nia"
169,"Swiecki, Zachari"
170,"Lauff, Carlye"
171,"Swanson, Rebecca D."
172,"Olsen, Jennifer"
173,"Ni, Lijun"
174,"Adams, Jennifer D"
175,"Worker, Steven M."
176,"Choi, Gi Woong"
177,"Johnson, Raymond"
178,"Finnigan, Kara S."
179,"Rivet, Ann E."
180,"Holbert, Nathan"
181,"Chan, Carol"
182,"Av-Shalom, Na'ama Y."
183,"Hickey, Daniel T."
184,"Tan, Seng Chee"
185,"Halls, Jonathan"
186,"Law, Nancy"
187,"Hallinen, Nicole"
188,"Wise, Alyssa"
189,"Gerritsen, David"
190,"Moy, Magdalene"
191,"Lakshmi, T G"
192,"Price, Aaron"
193,"Baylor, Amy L"
194,"Easterday, Matthew W."
195,"Keifert, Danielle"
196,"Schmitt, Lara Johanna"
197,"Yang, Yuqin"
198,"Mor-Hagani, Shiri"
199,"Cavera, Veronica L"
200,"Richard, Gabriela T."
201,"Luckin, Rose"
202,"Loper, Suzanna"
203,"Andrade, Alejandro"
204,"Hong, Huang-Yao"
205,"Finch, Lila"
206,"Ma, Guanzhong"
207,"Pande, Prajakt"
208,"Barth-Cohen, Lauren"
209,"McDonald, Scott"
210,"Alameh, Sahar"
211,"Dasgupta, Chandan"
212,"Stracke, Christian M."
213,"Quintana, Rebecca M"
214,"Yoon, Susan"
215,"DiSalvo, Betsy"
216,"Wink, Donald J."
217,"Worsley, Marcelo"
218,"Hunt, Jessica Heather"
219,"Dingyloudi, Filitsa"
220,"Conlin, Luke D."
221,"Liu, Xinyang"
222,"Evans, Abigail"
223,"Suchow, Ariella Flora"
224,"Scroggins, Ashley D"
225,"Carlson, Spencer Evan"
226,"McBride, Elizabeth"
227,"Hardy, Lisa"
228,"Asterhan, Christa S. C."
229,"Jung, Yong Ju"
230,"Kothiyal, Aditi"
231,"Cheng, Britte Haugan"
232,"Yip, Jason C."
233,"Ko, Mon-Lin Monica"
234,"Van Horne, Katie"
235,"Kisa, Miray Tekkumru"
236,"Khan, Saadia A."
237,"Yuan, Min"
238,"Barzilai, Sarit"
239,"Chen, Bodong"
240,"Huang, Joey"
241,"Tayne, Kelsey"
242,"Hjorth, Arthur"
243,"Dado, Marielle"
244,"Uttamchandani, Suraj"
245,"Georgen, Chris"
246,"Arastoopour, Golnaz"
247,"Moher, Tom"
248,"Brasel, Jason"
249,"Bell, Amanda M"
250,"Friend, Michelle"
251,"Grinath, Anna Strimaitis"
252,"Koschmann, Timothy"
253,"Chang, Yu-Hui"
254,"Lam, Diane P."
255,"Webb, Vanessa"
256,"Zhang, Jianwei"
257,"Huynh, Tra"
258,"Suárez, Enrique"
259,"Van Wart, Sarah"
260,"van Leeuwen, Anouschka"
261,"McKeown, Jessica"
262,"Chang, Amy A"
263,"Nemirovsky, Ricardo"
264,"Wu, Sally P.W."
265,"Ternblad, Eva-Maria"
266,"Lobczowski, Nikki G."
267,"Fatolapour, Mitra"
268,"Tate, Erika D."
269,"James, Jordan O."
270,"Manz, Eve"
271,"Johnson-Glenberg, Mina C."
272,"Hensley, Lauren"
273,"Siebert-Evenstone, Amanda L."
274,"Walsh, Elizabeth"
275,"Hartmann, Christian"
276,"Ma, Leanne"
277,"Tran, Cathy"
278,"Wang, Joyce"
279,"Zohar, Asnat R."
280,"Davis, Bria"
281,"Brady, Katherine"
282,"Downton, Michael P."
283,"Hand, Victoria"
284,"Shirouzu, Hajime"
285,"Portolese, Alisha"
286,"Shapiro, Ben Rydal"
287,"Prinsen, Fleur R."
288,"Erdmann, Julia"
289,"Bush, Jeffrey"
290,"Gnesdilow, Dana"
291,"Alonzo, Alicia"
292,"Hallinen, Nicole R."
293,"Sutherland, Scot"
294,"Salman, Fariha H."
295,"Thiry, Heather"
296,"Park, Miyoung"
297,"Orton, Kai"
298,"Abdu, Rotem"
299,"Stephens, A. Lynn"
300,"Gottlieb, Eli"
301,"Taub, Michelle"
302,"Snow, Erica L."
303,"Kang, Raymond"
304,"Macalalag, Augusto Z."
305,"Easley, Kathleen M."
306,"Spikol, Daniel"
307,"Ong, Yann Shiou"
308,"Ahn, June"
309,"Oshima, Jun"
310,"Bernstein, Debra"
311,"Sun, Weiyi"
312,"Anderson, Eleanor"
313,"Rau, Martina A."
314,"Andrade-Lotero, Alejandro"
315,"Lee, Hee-Sun"
316,"Bopardikar, Anushree"
317,"Suárez, Enrique"
318,"Polman, Joseph L"
319,"Sagy, Ornit"
320,"Barber-Lester, Kelly J."
321,"Lee, Alwyn Vwen Yen"
322,"Gadgil, Soniya"
323,"Rummel, Nikol"
324,"Nussbaum, E. Michael"
325,"Chinn, Clark A."
326,"Schneider, Bertrand"
327,"Visintainer, Tammie"
328,"Rehak, Andi M."
329,"Keune, Anna"
330,"Ostrowski, Christopher Peter"
331,"Schnaubert, Lenka"
332,"Pier, Elizabeth L."
333,"Sommer, Stephen"
334,"Lin, Veronica"
335,"Chu, Sharon Lynn"
336,"Yoon, Susan A."
337,"Cullicott, Catherine E."
338,"Dabholkar, Sugat"
339,"Popov, Vitaliy"
340,"Zisk, Robert"
341,"Mafa, Moseli A."
342,"Evans, Sarah"
343,"Dornfeld, Catherine"
344,"Hinojosa, Leighanna"
345,"Jordan, Michelle E."
346,"Engelmann, Katharina"
347,"Kawasaki, Jarod"
348,"Ke, Li"
349,"Li, Haiying"
350,"Rau, Martina"
351,"Swanson, Hillary"
352,"Chen, Grace A."
353,"Metcalf, Shari"
354,"Wen, Yun"
355,"Chiu, Thomas K.F."
356,"Cole, Michael"
357,"Prudent, Mirlanda E."
358,"Jornet, Alfredo"
359,"Shaikh, Rafikh"
360,"Proctor, Chris"
361,"Chan, Kennedy"
362,"Deitrick, Elise"
363,"Forbes, Cory T."
364,"McKenney, Susan"
365,"Kazemitabar, Maedeh A."
366,"Blikstein, Paulo"
367,"Schwarz, Baruch"
368,"Roll, Ido"
369,"Kümmel, Elke"
370,"Tan, Edna"
371,"Martin, Nicole D."
372,"Sharon, Aviv J."
373,"Bertram, Charles"
374,"R., Jimmy Zambrano"
375,"Wang, Yu-Chi"
376,"DeLiema, David"
377,"Livingston, Ayesha"
378,"Wylie, Ruth"
379,"Sandoval, William A."
380,"Buxton, Cory"
381,"Tarimo, William T."
382,"Farris, Amy Voss"
383,"Lui, Michelle"
384,"FENG, Xueqi"
385,"Silverman, Jason"
386,"Peleg, Ran"
387,"Sato, Elissa"
388,"Delgado, Cesar"
389,"Mudrick, Nicholas"
390,"Damșa, Crina"
391,"Fincher, Sally"
392,"Villanosa, Krystal"
393,"Hollett, Ty"
394,"Liu, yan"
395,"Pellegrino, James W"
396,"Anderson, Janice"
397,"Elliott, Colin Hennessy"
398,"Thomas, Jakita O."
399,"Wang, Xu"
400,"Levin, Mariana"
401,"Yang, Hui"
402,"Elby, Andrew"
403,"Prieto, Luis P."
404,"Kayumova, Shakhnoza"
405,"Slotta, James D."
406,"Missall, Kristen"
407,"Logan, Ginnie I."
408,"Oura, Hiroki"
409,"Sherin, Bruce"
410,"Wu, Longkai"
411,"Dahn, Maggie"
412,"Sun, Jingjing"
413,"Tissenbaum, Catherine Louise Dornfeld"
414,"Basu, Satabdi"
415,"Tan, Michael"
416,"Papendieck, Adam"
417,"Sun, Zhiru"
418,"Raval, Harini"
419,"Ross, Danielle"
420,"Cabrera, Lautaro"
421,"Halverson, Kristy L."
422,"McCormick, Mary"
423,"Rossitto, Chiara"
424,"Lee, Jinju"
425,"Wright, Kenneth"
426,"Erkens, Melanie"
427,"Seo, JooYoung"
428,"Montebello, Matthew"
429,"Silvis, Deborah"
430,"Pardos, Zachary"
431,"Khanlari, Ahmad"
432,"Madaio, Michael"
433,"Lee, Sarah Priscilla"
434,"Schwendimann, Beat A."
435,"Bae, Haesol"
436,"Boyle, Bryan"
437,"Dyer, Elizabeth B."
438,"Xuan, Andy Ng Ding"
439,"Evenstone, Amanda L."
440,"Paquette, Luc"
441,"Malkiewich, Laura J."
442,"Gutu, Gabriel"
443,"Kustusch, Mary Bridget"
444,"Reisman, Avishag"
445,"Hall, Allison H"
446,"Chu, Man-Wai"
447,"Tuvilla, Mavreen Rose S."
448,"Santo, Rafi"
449,"Dianovsky, Michael T."
450,"Jeong, Heisawn"
451,"Kiemer, Katharina"
452,"Betser, Sagit"
453,"Magnussen, Rikke"
454,"Wagh, Aditi"
455,"Meléndez, José W."
456,"White, Sarah L"
457,"Keifert, Danielle Teodora"
458,"Lockwood, Elise"
459,"sommer, stephen"
460,"Chen, Gaowei"
461,"Kapon, Shulamit"
462,"Kabayadondo, Zaza"
463,"Saarinen, Auli"
464,"Rick, Jochen"
465,"Ross, Laurie"
466,"Peffer, Melanie"
467,"Kim, ChanMin"
468,"Lam, Rachel"
469,"Kahn, Jennifer"
470,"Kolikant, Yifat Ben-David"
471,"Dixon, Colin"
472,"Hao, Jiangang"
473,"Mäntylä, Terhi"
474,"Teo, Chew Lee"
475,"Eilam, Billie"
476,"Walkoe, Janet"
477,"DeVane, Benjamin"
478,"Çakır, Murat Perit"
479,"kafai, yasmin"
480,"Applebaum, Lauren R."
481,"Kuo, Eric"
482,"Arias, Anna Maria"
483,"Tofel-Grehl, Colby"
484,"Valentine, Keri Duncan"
485,"Olson, Izabel Duarte"
486,"Holbert, Nathan R"
487,"Pauw, Daniel"
488,"Tay, Wan Ying"
489,"Stevens, Reed"
490,"Donaldson, Jonan Phillip"
491,"Scardamalia, Marlene"
492,"Wake, Jo Dugstad"
493,"Liu, Lei"
494,"Xie, Bin"
495,"Splichal, Jin Michael"
496,"González-Howard, Maria"
497,"Melendez, Jose W."
498,"Azevedo, Flavio S."
499,"Jurow, A. Susan"
500,"Michaelis, Joseph E"
501,"Healion, Donal"
502,"Mishra, Shitanshu"
503,"Munshi, Anabil"
504,"Ko, Monlin"
505,"Forbes, Cory"
506,"Roberts, Jessica"
507,"Enyedy, Noel"
508,"Wilkerson, Michelle"
509,"Rosier, Soren"
510,"Berland, Leema K."
511,"Iveland, Ashley"
512,"Slakmon, Benzi"
513,"Smith, Blaine"
514,"Noroozi, Omid"
515,"Choi, Heeryung"
516,"Gutiérrez, José"
517,"Tissenbaum, Mike"
518,"Shin, Yoonhee"
519,"Marcum, Meredith Baker"
520,"Tasquier, Giulia"
521,"Kafai, Yasmin B."
522,"Judson, Darlene"
523,"Wallon, Robert C"
524,"Wecker, Christof"
525,"Oztok, Murat"
526,"Allen, Carrie D."
527,"Wan, Hai-Peng"
528,"Hutchison, Paul"
529,"Halverson, Erica"
530,"Liu, Shiyu"
531,"Mu, Jin"
532,"Agarwal, Priyanka"
533,"Dragnic-Cindric, Dalila"
534,"Lira, Matthew"
535,"Gaydos, Matthew"
536,"Starr, Emma L"
537,"Nixon, Jessie"
538,"Callanan, Maureen"
539,"Severance, Samuel"
540,"Harrison, Emily Jean"
541,"Bumbacher, Engin"
542,"Cober, Rebecca"
543,"Hatten-Roberts, Toni M."
544,"Danielak, Brian A."
545,"Brady, Corey"
546,"Nissen, Jayson"
547,"Becker, Sandra"
548,"Ziebarth, Sabrina"
549,"Thiemann, Daniel"
550,"Tubman, Philip"
551,"Hovey, Christopher M"
552,"Shouse, Andrew"
553,"Lai, Polly K."
554,"Martin, Nicole"
555,"brown, denise"
556,"Superfine, Alison Castro"
557,"d'Apollonia, Silvia"
558,"Chase, Catherine"
559,"Raia, Federica"
560,"Davis, Pryce"
561,"Fischer, Frank"
562,"Iordanou, Kalypso"
563,"Booth, Julie L."
564,"McGee, Steven"
565,"Yip, Jason"
566,"Crouse, Kevin"
567,"Scipio, Déana Aeolani"
568,"Sierschynski, Jarek"
569,"Zangori, Laura"
570,"Wakefield, Wendy"
571,"Martin, Wendy"
572,"Laferrière, Thérèse"
573,"Mathis, Lele"
574,"Gabai, Joshua"
575,"Heimbuch, Sven"
576,"Barth-Cohen, Lauren A."
577,"Chung, Huy Q."
578,"Margulieux, Lauren E."
579,"Clarke, Sherice"
580,"Schneider, Leslie"
581,"VanMeerten, Nicolaas"
582,"Ruis, Andrew"
583,"Lu, Lin"
584,"Gouvea, Julia S."
585,"Lerner, Patrick"
586,"Bod, Petra"
587,"Y., Jasmine"
588,"Herrenkohl, Leslie Rupert"
589,"Cavey, Laurie Overman"
590,"Lin, Pei-Yi"
591,"Kyewski, Elias"
592,"Nguyen, Kevin A."
593,"Goldman, Shelley"
594,"Munter, Charles"
595,"Peek-Brown, Deborah"
596,"Li, Yaoran"
597,"Cartun, Ashley"
598,"McBride, Elizabeth A."
599,"Lund, Kristine"
600,"Baumeister, Antonia E. E."
601,"Henson, Kate"
602,"Ainsworth, Shaaron"
603,"Kato, Yohei"
604,"Bruner-Timmons, Joan"
605,"DeBarger, Angela Haydel"
606,"Eberle, Julia"
607,"James, Katherine"
608,"Haslbeck, Heidi"
609,"Pal, Joyojeet"
610,"Vogel, Freydis"
611,"Bell, Philip"
612,"Cakir, Murat Perit"
613,"Adanır, Gülgün Afacan"
614,"Denner, Jill"
615,"Stoddard, Jeremy"
616,"Davis, Darrel"
617,"Damşa, Crina"
618,"Forsyth, Carol"
619,"Engeström, Yrjö"
620,"Celepkolu, Mehmet"
621,"Lotas, Sasha"
622,"Cai, Qijie"
623,"Gouvea, Julia Svoboda"
624,"Norooz, Leyla"
625,"Castro-Faix, Moraima"
626,"Clegg, Tamara"
627,"Karumbaiah, Shamya"
628,"Huang, Tianhui"
629,"Pargman, Teresa Cerratto"
630,"Tzou, Carrie"
631,"Wendell, Kristen"
632,"Tomar, Gaurav Singh"
633,"M.Vitale, Jonathan"
634,"Panorkou, Nicole"
635,"Simpson, Amber"
636,"Gerard, Libby"
637,"Lonn, Steven"
638,"McCallie, Ellen"
639,"Splichal, Jin MIchael"
640,"betser, sagit"
641,"Joo, Hyun"
642,"Olander, Mona Holmqvist"
643,"Doroudi, Shayan"
644,"Kim, Yanghee"
645,"Hamilton, Megan M. Marie"
646,"Gutiérrez, José Francisco"
647,"De Grez, Nore"
648,"Oner, Diler"
649,"Michaelis, Joseph E."
650,"Almatrafi, Omaima"
651,"Butcher, Kirsten R."
652,"Pier, Elizabeth"
653,"Kim, Beaumie"
654,"Uk, Irina"
655,"Dixon, Colin G"
656,"Loibl, Katharina"
657,"Wichmann, Astrid"
658,"Gould, Deena"
659,"Slattery, Brian"
660,"Xie, Kui"
661,"Krist, Christina"
662,"Flanagan-Hall, Grace Ann"
663,"Collier, Wesley"
664,"Hakkarainen, Kai"
665,"Ryu, Suna"
666,"Horn, Ilana Seidel"
667,"Alqassab, Maryam"
668,"Walkington, Candace A"
669,"Goldberg, Benjamin"
670,"Weidler-Lewis, Joanna"
671,"Laina, Vasiliki"
672,"Viswanathan, Sree Aurovindh"
673,"de Saint-Georges, Ingrid"
674,"Chounta, Irene-Angelica"
675,"Brooks, Christopher"
676,"Engeström, Yrjö"
677,"Humburg, Megan"
678,"Choi, Jinnie"
679,"Radke, Sarah C"
680,"Strauß, Sebastian"
681,"Lo, Wan-Tzu"
682,"Puhl, Thomas"
683,"Walker, Justice Toshiba"
684,"Zielezinski, Molly B."
685,"Ehrenfeld, Nadav"
686,"Walker, Erin"
687,"De Backer, Liesje"
688,"Shinohara, Kristen"
689,"Booker, Angela N."
690,"Lui, Debora"
691,"Lubold, Nichola"
692,"Hagani, Shiri Mor"
693,"KO, Pakon"
694,"Novik, Tamar"
695,"Lundh, Patrik"
696,"Semerjian, Amy R."
697,"Lin, Feng"
698,"Kubsch, Marcus"
699,"Csanadi, Andras"
700,"Plummer, Julia"
701,"Laru, Jari"
702,"Roblin, Natalie Pareja"
703,"Han, Insook"
704,"Danish, Joshua A."
705,"Betz, Anica"
706,"Honwad, Sameer"
707,"Samarapungavan, Ala"
708,"Muldner, Kasia"
709,"Lansiquot, Reneta D."
710,"Morrison, Deb"
711,"Schubert, Michael"
712,"Natriello, Gary"
713,"Pedro, Michael Sao"
714,"Kali, Yael"
715,"Jimenez, Osvaldo"
716,"Kotsopoulos, Donna"
717,"Plevinski, Justin"
718,"Mechtley, Adam"
719,"Kim, Soo Hyeon"
720,"Chan, Melvin"
721,"Demir-Lira, Özlem Ece"
722,"Bishara, Sarah"
723,"Bielaczyc, Katerine"
724,"Greenwald, Scott W."
725,"Tolar, Erin"
726,"Mazziotti, Claudia"
727,"Dascalu, Mihai"
728,"Wang, Patrick"
729,"Toprani, Dhvani"
730,"Quan, Gina"
731,"Sosa, Teresa"
732,"Jensen, Bryant"
733,"Yurkofsky, Maxwell"
734,"Anderson, Robin Keturah"
735,"Quintana, Rebecca"
736,"Xiao, Sihan"
737,"Wang, Jing"
738,"Roschelle, Jeremy"
739,"Chen, Wenli"
740,"Vitale, Jonathan M."
741,"Xing, Wanli"
742,"Asterhan, Christa"
743,"Brand, Charleen"
744,"Lindgren, Robb"
745,"Sun, Na"
746,"Patchan, Melissa"
747,"Dornfeld, Catherine L."
748,"Näykki, Piia"
749,"Pearman, F. Alvin"
750,"Reich, Justin"
751,"Larson, Joanne"
752,"Dubovi, Ilana"
753,"Chi, Michelene T. H."
754,"McKay, Tabitha"
755,"Wu, Ying-Tien"
756,"Walsh, Elizabeth M."
757,"Stahl, Gerry"
758,"Tekkumru-Kisa, Miray"
759,"Lo, Stanley M."
760,"Walkington, Candace"
761,"Shah, Mamta"
762,"Stieff, Mike"
763,"Molinari, Gaelle"
764,"Hmelo-Silver, Cindy E."
765,"Fake, Helen"
766,"Tao, Dan"
767,"Chen, Guanhua"
768,"Miller, Emily"
769,"Riedy, Robbin"
770,"Burkett, Candice"
771,"Thompson, Kate"
772,"Vanderhoven, Ellen"
773,"Deep, Anurag"
774,"Askari, Emilia"
775,"Tsai, Janet Y."
776,"Tang, Kok-Sing"
777,"Mathayas, Nitasha"
778,"Elliott, Leslie Atkins"
779,"Jona, Kemi"
780,"Riikonen, Sini"
781,"Larmuseau, Charlotte"
782,"Garcia, Iolanda"
783,"Nolen, Susan Bobbitt"
784,"van Riesen, Siswa A. N."
785,"Miller, Brant G."
786,"Sengupta-Irving, Tesha"
787,"Lanouette, Kathryn A."
788,"Ramey, Kay E."
789,"Ross, Michael"
790,"Duvall, Matthew"
791,"Rutherford, Stephen M."
792,"Engelmann, Tanja"
793,"Lim, Ji Young"
794,"Im, Soo-hyun"
795,"Pöysä-Tarhonen, Johanna"
796,"Chapman, Katherine Carr"
797,"Raes, Annelies"
798,"Archibeque, Benjamin Archibeque"
799,"Mørck, Line Lerche"
800,"Williams, Robert F."
801,"Jasien, Lara"
802,"Ioannou, Marianna"
803,"Ferschke, Oliver"
804,"Zimmerman, Heather Toomey"
805,"Lachapelle, Cathy P."
806,"Furberg, Anniken"
807,"Gordon, Andrew"
808,"da Silva, Glauco S. F."
809,"Härkki, Tellervo"
810,"Shaw, Fayette"
811,"Madsen, Adrian"
812,"Little, Angela"
813,"Minshew, Lana"
814,"Ding, Lu"
815,"Orrill, Chandra Hawley"
816,"Li, Ling"
817,"Davidsen, Jacob"
818,"Cook, Melissa Sunshine"
819,"Roscoe, Rod D."
820,"Rodríguez, Fernando J."
821,"Dookie, Lesley"
822,"Lee, Vwen Yen Alwyn"
823,"Socratous, Chrysanthos"
824,"Nurnberger-Haag, Julie"
825,"Bywater, Jim P"
826,"Pilitsis, Vicky"
827,"Schloss, Bob"
828,"Gressick, Julia"
829,"Bateman, Kathryn"
830,"Schwarz, Christina V."
831,"Wan, Sally Wai Yan"
832,"Stoeffler, Kristin"
833,"Zhu, Gaoxia"
834,"DeSutter, Dane"
835,"Chen, Jingping"
836,"Stamatis, Kristina"
837,"Gomoll, Andrea Sarah"
838,"Martinez-Garza, Mario M."
839,"Emara, Mona"
840,"Mirmotahari, Omid"
841,"Morozov, Andrew"
842,"Ogle, Todd"
843,"Manches, Andrew"
844,"Vitale, Jonathan"
845,"Wilson, Nicholas"
846,"Cerratto-Pargman, Teresa"
847,"Cohen, Jonathan"
848,"Wang, Qiyun"
849,"Wendell, Kristen B."
850,"Kelly, Susan B."
851,"Smirnov, Natalia"
852,"Schwartz, Lisa Hope"
853,"Noushad, Noora F."
854,"Lee, Carol D."
855,"Horton, Emily"
856,"Sullivan, Florence R."
857,"Duckles, Joyce M."
858,"Krishnan, Gokul"
859,"Linn, Marcia"
860,"Perera, Nishan"
861,"Khoo, Michael"
862,"Kittredge, Audrey"
863,"Leary, Heather"
864,"Richard, Gabriela"
865,"Strachota, Susanne M."
866,"Kamarainen, Amy"
867,"Villani, Alberto"
868,"Thompson, Naomi"
869,"Saito, Moegi"
870,"Lo, Wei Hong"
871,"Makela, Marja-Liisa"
872,"Carafano, Peter"
873,"So, Hyo-Jeong"
874,"Turgeon, Krystle-Lee"
875,"Spells, Monet"
876,"Linn, Marcia C."
877,"Pea, Roy"
878,"Boston, Melissa D."
879,"Golbeck, Susan"
880,"Kyza, Eleni A."
881,"Xie, Charles"
882,"Hackbarth, Alan J."
883,"Binzak, John V."
884,"Rosé, Carolyn"
885,"Thompson, Penny"
886,"Keuschnig, Angelina"
887,"Hecking, Tobias"
888,"Gotwals, Amelia Wenk"
889,"Schalk, Lennart"
890,"Gomez, Kimberly"
891,"Casort, Teresa"
892,"Gu, Xiaoqing"
893,"Chiu, Jennifer L."
894,"Mancevice, Nicole"
895,"Anderson, Theresa Dirndorfer"
896,"Caviglia, Francesco"
897,"Sayre, Eleanor C."
898,"Trausan-Matu, Stefan"
899,"Kapur, Manu"
900,"Hershkovitz, Arnon"
901,"Smith, John F"
902,"Arvaja, Maarit"
903,"Goh, Wendy"
904,"Hershman, Anneli"
905,"kang, Seokbin"
906,"Lewis, Colleen"
907,"Silberglitt, Matt"
908,"Salehi, Shima"
909,"Kim, Nam Ju"
910,"Gargroetzi, Emma"
911,"Dascălu, Mihai"
912,"Eagle, Michael"
913,"Curwood, Jen Scott"
914,"Bemis, Carrie Allen"
915,"Horstman, Theresa"
916,"Allert, Heidrun"
917,"Harrer, Benedikt W."
918,"Cress, Ulrike"
919,"Shen, Ji"
920,"Kittinger, Liza"
921,"Kollar, Ingo"
922,"Berson, Eric"
923,"Fischer, Gerhard"
924,"Friend, Angela"
925,"Jackson, Ava"
926,"Rogers, Bradley"
927,"Conn, Jessica"
928,"Lin, Karina"
929,"Wang, Qiuchen"
930,"Tan, Edna Tan"
931,"Tabach, Michal"
932,"Gobert, Janice"
933,"Azevedo, Roger"
934,"Di Eugenio, Barbara"
935,"Strawhacker, Amanda"
936,"van den Ende, Joan"
937,"McLaren, Bruce M."
938,"Dutta, Nikita"
939,"Arend, Béatrice"
940,"Gutiérrez, Kris D."
941,"Hand, Brian"
942,"Whittaker, Chris"
943,"Jermann, Patrick"
944,"Goodman, Alyssa A."
945,"Arici, Anna"
946,"Ortmeier-Hooper, Christina"
947,"Lang, Charles"
948,"Mann, Michele J."
949,"Console, Katie"
950,"Binder, Torsten"
951,"Tan, Jennifer Pei-Ling"
952,"Derry, Sharon"
953,"Finkelstein, Samantha"
954,"Kluge, Anders"
955,"DellaVecchia, Gabriel P."
956,"Bowers, Nicole"
957,"Ufer, Stefan"
958,"Shayan, Shakila"
959,"Leftheriotis, Ioannis"
960,"Killen, Heather"
961,"Bryant, Julie"
962,"Melzner, Nadine"
963,"Cun, Aijuan"
964,"Tabak, Iris"
965,"Anderson, Emma"
966,"O'Neill, Michaela Krug"
967,"Honey, Rose"
968,"Mandl, Heinz"
969,"Vasudevan, Veena"
970,"Tate, Carol"
971,"Kuo, Annie Camey"
972,"Wakimoto, Takehiro"
973,"Poquet, Oleksandra"
974,"Shaffer, D.W."
975,"Martin, Fred"
976,"Barma, Sylvie"
977,"Ching, Cynthia Carter"
978,"Land, Susan M."
979,"Daly, Alan J."
980,"Lyons, Cheryl A."
981,"El-Moslimany, Hebbah"
982,"Chu, Shien"
983,"Yuen, Johnny"
984,"Paulus, Trena"
985,"Zimmerman, John"
986,"Iyer, Sridhar"
987,"Greenslit, Jana"
988,"Lewis, Daniel Rees"
989,"Weinberger, Armin"
990,"van Aalst, Jan"
991,"Ben-Zvi, Dani"
992,"Hoadley, Christopher"
993,"Cukurova, Mutlu"
994,"McNeill, Katherine L."
995,"Shapiro, R. Benjamin"
996,"Sevian, Hannah"
997,"Shemwell, Jonathan"
998,"Jackiw, Nicholas"
999,"Thompson, Jessica"
1000,"Morphew, Jason"
1001,"DiSalvo, Carl"
1002,"Birmingham, Daniel"
1003,"Goldman, Susan R"
1004,"Strijbos, Jan-Willem"
1005,"Koehler, Jessica"
1006,"Chen, Shu"
1007,"Wobbrock, Jacob O."
1008,"Maliakal, Leesha V"
1009,"White, Tobin"
1010,"Clarke, Sherice N."
1011,"Yan, Shulong"
1012,"Murthy, Sahana"
1013,"D'Angelo, Cynthia"
1014,"Gonzalez, Carmen"
1015,"Stein, Mary Kay"
1016,"Black, John B."
1017,"Tzadok, Eynav"
1018,"Shibani, Antonette"
1019,"Bodemer, Daniel"
1020,"Ye, Lei"
1021,"Duncan, Sean C."
1022,"Shum, Simon Buckingham"
1023,"Goodyear, Peter"
1024,"Garner, Brette"
1025,"Southerland, Sherry A."
1026,"Zemel, Alan"
1027,"Mendelson, Adam"
1028,"Hodari, Apriel K"
1029,"Chen, Mei-Hwa"
1030,"Sayre, Eleanor C"
1031,"Parikh, Tapan"
1032,"Lam, Wan Shun Eva"
1033,"de Freitas, Elizabeth"
1034,"Gulz, Agneta"
1035,"Hwang, Soyeon"
1036,"Recker, Mimi"
1037,"Chai, Ching Sing"
1038,"Savio-Ramos, Caroline"
1039,"Cutshall, Jessica"
1040,"Smullen, Elizabeth"
1041,"Matsuzawa, Yoshiaki"
1042,"Schenke, Katerina"
1043,"Levy, Sharona"
1044,"Tu, Xintian"
1045,"D'Angelo, Sarah"
1046,"Caballero, Daniela"
1047,"Cho, Sun Joo"
1048,"Markauskaite, Lina"
1049,"Hall, Rogers"
1050,"Milne, Brent"
1051,"Fathema, Nafsaniath"
1052,"Cheng, Julius"
1053,"Hug, Sarah"
1054,"Clement, John J."
1055,"Jackson, G. Tanner"
1056,"Ruffaldi, Emanuele"
1057,"Subramaniam, Mega"
1058,"Tsunakawa, Takashi"
1059,"Drayton, Brian"
1060,"Gupta, Ayush"
1061,"Zahn, Miranda Renee"
1062,"Pallant, Amy"
1063,"Doubler, Susan"
1064,"Otero, Valerie"
1065,"Braun, Maggie"
1066,"Mavrikis, Manolis"
1067,"Marchand, Gwen C."
1068,"Hung, Leah C.-C."
1069,"Gomoll, Andrea S."
1070,"Peppler, Kylie"
1071,"Raclaw, Joshua"
1072,"Garcia, Brittany"
1073,"Koehler-Yom, Jessica"
1074,"Oshima, Ritsuko"
1075,"Anton, Gabriella"
1076,"Resnick, Elana"
1077,"Puntambekar, Sadhana"
1078,"Collins, Jamie M."
1079,"Anderson-Levitt, Kathryn"
1080,"Wu, Sally"
1081,"Irgens, Golnaz Arastoopour"
1082,"Agrawal, Harshit"
1083,"Capps, Daniel"
1084,"Cheng, Ka Lok"
1085,"O'Connell, Brian"
1086,"Kitazawa, Takeshi"
1087,"Escudé, Meg"
1088,"Lajoie, Susanne P."
1089,"Chen, Vivian"
1090,"Rajala, Antti"
1091,"Briseño, Adriana"
1092,"Sánchez–García, Raúl"
1093,"Irle, Gabriele"
1094,"Hmelo-Silver, Cindy"
1095,"Baram-Tsabari, Ayelet"
1096,"Leak, Anne"
1097,"Kirschner, Femke"
1098,"Doll, Jenifer"
1099,"Antle, Alissa Nicole"
1100,"Collins, Jamie"
1101,"Tonso, Karen L."
1102,"Littrell-Baez, Megan K."
1103,"Hickey, Timothy J."
1104,"Dickes, Amanda Catherine"
1105,"Klein, Valerie"
1106,"Levy, Sharona T"
1107,"Lucero, Margaret"
1108,"Muukkonen, Hanni"
1109,"Dziallas, Sebastian"
1110,"Horn, Mike"
1111,"Fu, Chuxin"
1112,"Gane, Brian Douglas"
1113,"Wall, Steven"
1114,"Minor, Rachelle"
1115,"Wen, Miaomiao"
1116,"Parnafes, Orit"
1117,"Mouza, Chrystalla"
1118,"Cardello, Suzanne"
1119,"Hickey, Daniel"
1120,"Nanda, Salloni"
1121,"Ikejiri, Ryohei"
1122,"Kersting, Nicole"
1123,"Hung, David"
1124,"Jackson, Julia"
1125,"Dukeman, Anton"
1126,"Palincsar, Annemarie Palincsar"
1127,"Cheah, Yin Hong"
1128,"Kaul, Chittaranjan"
1129,"Clase, Kari L."
1130,"Hammer, David"
1131,"Hernwall, Patrik"
1132,"Schneitzer, Malin Kimberley"
1133,"Taylor, Katie Headrick Taylor"
1134,"Farrar, Scott"
1135,"Cassell, Justine"
1136,"Bar-El, David"
1137,"De Wever, Bram"
1138,"Xia, Fangli"
1139,"Arnedillo-Sanchez, Inmaculada"
1140,"Hirayama, Ryoya"
1141,"Lee, Teo Chew"
1142,"Tan, Samuel"
1143,"Bosch, Nigel"
1144,"Lee, Alison"
1145,"Liang, Leming"
1146,"Shane-Sagiv, Chava"
1147,"Fowler, Teresa Anne"
1148,"Wright, Casey E."
1149,"Ching, Dixie"
1150,"Martin, Lee M"
1151,"Elming, Anna Lindenhoff"
1152,"Hong, Helen"
1153,"Yeo, Amelia"
1154,"Silver, Cindy Hmelo"
1155,"Lembke, Julia"
1156,"Graville-Smith, Cynthia"
1157,"Kwako, Alexander J."
1158,"Seitamaa-Hakkarainen, Pirita"
1159,"Lee, Yeung"
1160,"Kopp, Daniel"
1161,"Royse, Emily"
1162,"Yuan, Jiangmei"
1163,"Low, Michelle"
1164,"Pollack, Sarah"
1165,"Martin, Lee"
1166,"Kokkonen, Tommi"
1167,"Dietmeier, Jeremy"
1168,"Fricke, Kyle W."
1169,"Champney, Danielle"
1170,"Fick, Sarah J"
1171,"Kopcha, Theodore J."
1172,"Marin, Ananda"
1173,"Thanapornsangsuth, Sawaros"
1174,"Chai, Boon Yen"
1175,"Guribye, Frode"
1176,"Allen, Laura"
1177,"Reilly, Joseph M"
1178,"Radinsky, Josh"
1179,"Kirshner, Ben"
1180,"Mutlu, Bilge"
1181,"Russell, Sam"
1182,"Rajendran, Ramkumar"
1183,"Cho, Young Hoan"
1184,"Chandler, Mark A"
1185,"Crowley, Kevin"
1186,"Polman, Joseph L."
1187,"Braden, Sarah"
1188,"Russ, Rosemary S"
1189,"Dyer, Elizabeth B"
1190,"Schwarz, Baruch B."
1191,"McElhaney, Kevin W"
1192,"Hatami, Javad"
1193,"Levrini, Olivia"
1194,"Burke, Quinn"
1195,"Lee, Kyungmee"
1196,"Eisenhart, Margaret"
1197,"Wang, Qi"
1198,"Slattery, Michael"
1199,"Shareff, Becca"
1200,"Litts, Breanne K"
1201,"Jan, Mingfong"
1202,"Eberbach, Catherine"
1203,"Joseph, Joseph Krajcik"
1204,"Hossain, Zahid"
1205,"Lodge, Jason M."
1206,"Doane, William E. J."
1207,"Horn, Michael"
1208,"Angersbach, Jennifer"
1209,"Pekrun, Reinhard"
1210,"Neubaum, German"
1211,"Xu, Cindy"
1212,"Bevan, Bronwyn"
1213,"Jordan, Michelle E. Jordan"
1214,"Lui, Debora A."
1215,"Ohsaki, Ayano"
1216,"Bragelman, John"
1217,"Kunicki, Suzanne"
1218,"Jain, Rupal"
1219,"Connolly, Helena"
1220,"Cadeiras, Martin"
1221,"Skeeles-Worley, Angela D."
1222,"Newton, Kristie J."
1223,"Durik, Amanda M."
1224,"Windleharth, Travis"
1225,"Joyce, Jeanette"
1226,"Spaulding, Scott"
1227,"Brennan, Karen"
1228,"Breuleux, Alain"
1229,"Berland, Matthew"
1230,"Cartier, Jennifer"
1231,"Wittmann, Michael C."
1232,"van Es, Elizabeth A."
1233,"Morrison, Briana B."
1234,"Wilensky, Uri"
1235,"Jacque, Berri H"
1236,"Varma, Keisha"
1237,"Siebert-Evenstone, Amanda"
1238,"Jamshidi, Arash"
1239,"Lund, Kristine S."
1240,"Totorica, Tatia B"
1241,"Krämer, Nicole C."
1242,"Fernandez, Cassia"
1243,"Vea, Tanner"
1244,"Haines, Cara"
1245,"Stevens, Shawn"
1246,"Aleven, Vincent"
1247,"Quignard, Matthieu"
1248,"Rindermann, Heiner"
1249,"Tscholl, Michael"
1250,"Pea, Roy D."
1251,"Tate, Erika"
1252,"Stegmann, Karsten"
1253,"Goldman, Susan R."
1254,"Patel, Purav"
1255,"Schönfeld, Tim"
1256,"Lankes, Eva-Maria"
1257,"Viswanathan, Anandhi"
1258,"Chowning, Jeanne"
1259,"Uzunosmanoğlu, Selin Deniz"
1260,"Martinez, Jacob"
1261,"Peterson, Matthew"
1262,"Chen, Jason"
1263,"Richey, J. Elizabeth"
1264,"Graesser, Arthur C."
1265,"Sannino, Annalisa"
1266,"Wiggins, Joseph B."
1267,"Wu, Han"
1268,"Boyer, Kristy Elizabeth"
1269,"Clegg, Tamara L."
1270,"Todd, Amber"
1271,"Preece, Jennifer"
1272,"Rahimi, Seyedahmad"
1273,"Otero, Nuno"
1274,"Conner, Laura"
1275,"Andrews, Chelsea J"
1276,"Sankaranarayanan, Sreecharan"
1277,"Madhok, Jacqueline"
1278,"Anderson, Alice"
1279,"Anderson, Charles W"
1280,"King, Whitney L."
1281,"Olander, Clas"
1282,"Marx, Sherry"
1283,"Clarke-Midura, Jody"
1284,"Resendes, Monica"
1285,"Nathan, Mitchell J."
1286,"Chan, Jody R."
1287,"Johri, Aditya"
1288,"Hudson, Michelle"
1289,"Chen, Yali"
1290,"Bogouslavsky, Maria"
1291,"Sarmiento, Juan Pablo"
1292,"Aguilar, Stephen"
1293,"Leuders, Timo"
1294,"Laherto, Antti"
1295,"McNamara, Danielle S."
1296,"Cui, Yi"
1297,"Parekh, Priyanka"
1298,"Di Tosto, Gennaro"
1299,"Wu, Jue"
1300,"Ligorio, Beatrice"
1301,"Biswas, Gautam"
1302,"Yoon, Irene"
1303,"Chelule, Geoffrey"
1304,"Sottilare, Robert"
1305,"Sheldon, Joshua"
1306,"Vanlehn, Kurt"
1307,"O'Connor, Kevin"
1308,"Gardner, Joshua"
1309,"Danish, Joshua"
1310,"Weiser, Gary"
1311,"Shim, Jooeun"
1312,"Kuhn, Alex"
1313,"Shaw, Mia"
1314,"Franz, Paul"
1315,"Chakravarthi, Rohit"
1316,"Lasry, Nathaniel"
1317,"Bennett, Cynthia L."
1318,"Jayathirtha, Gayithri"
1319,"Levy, Sharona T."
1320,"Woods, Dawn"
1321,"Duesbery, Luke"
1322,"Nordine, Jeffrey"
1323,"Ricketts, Amy"
1324,"Williams, Joseph"
1325,"Malmberg, Jonna"
1326,"Eagan, Brendan"
1327,"Schunn, Chris"
1328,"Flake, Sabrina"
1329,"Sypher, Ofelia Mangen"
1330,"Rosé, Carolyn Penstein"
1331,"Clase, Kari"
1332,"Burleson, Winslow"
1333,"Cabo, Candido"
1334,"Tesoriero, Gina"
1335,"Buder, Jürgen"
1336,"Chae, Hui Soo"
1337,"Jiang, Yang"
1338,"Kirschner, Paul A."
1339,"Cordy, Michelle"
1340,"Weible, Jennifer"
1341,"Asaridou, Salomi S."
1342,"Baltes, Jennifer"
1343,"Kulik, Alexander"
1344,"Moon, Jewoong"
1345,"Girotto, Victor"
1346,"Tchounikine, Pierre"
1347,"Rusk, Natalie"
1348,"Blum-Smith, Sarah"
1349,"McCracken, W. Michael"
1350,"Liu, Kun"
1351,"Herman, Phillip"
1352,"Looi, Chee-Kit"
1353,"Lai, Kevin"
1354,"Wadholm, Robert R."
1355,"Resnick, Maya S."
1356,"Wallon, Robert C."
1357,"Krajcik, Joseph"
1358,"Rosson, Mary Beth"
1359,"Rambo-Hernandez, Karen"
1360,"Sherman, Mark A"
1361,"Pöysä-Tarhonen, Johanna"
1362,"Kim, Yoon Jeon"
1363,"Hanny, Courtney"
1364,"Lee, Victor"
1365,"Cantarero, Andrea"
1366,"Wang, Li-Jen"
1367,"McGowan, Veronica C."
1368,"Kim, Stephanie"
1369,"Boncoddo, Rebecca"
1370,"Reiser, Brian J."
1371,"Scheiter, Katharina"
1372,"Schneider, Alyse"
1373,"Avry, Sunny"
1374,"Maher, Carolyn A."
1375,"Whiteman, Jennifer"
1376,"Codere, Susan"
1377,"Serafin, Yvonne"
1378,"Dawes, Les"
1379,"Schellens, Tammy"
1380,"Brandon, Diana"
1381,"Kim, So Mi"
1382,"Kotys-Schwartz, Daria A."
1383,"Brown, David"
1384,"Penney, Lauren"
1385,"Elen, Jan"
1386,"Carvalho, Lucila"
1387,"Mangaroska, Katerina"
1388,"Gijlers, Hannie"
1389,"Hougham, R. Justin"
1390,"Vogelstein, Lauren"
1391,"Champion, Dionne N."
1392,"Van Dusen, Ben"
1393,"Lee, Frank J"
1394,"AlQahtani, Mona"
1395,"Moorcroft, Amber M."
1396,"König, Katrin"
1397,"Shaffer, David Williamson"
1398,"Lee, Ji Hyun"
1399,"Varma, Sashank"
1400,"Chartrand, Grant"
1401,"Care, Esther"
1402,"Vanneste, Pieter"
1403,"Segal, Aliza"
1404,"Graville, Cynthia Story"
1405,"Harrison, Simon"
1406,"Sengupta, Pratim"
1407,"Carvalho, Paulo"
1408,"Ioannou, Andri"
1409,"Van Steenis, Erica"
1410,"Gentry, Christine"
1411,"Chan, Carol K.K."
1412,"Goggins, Sean"
1413,"Zhao, Naxin"
1414,"Silseth, Kenneth"
1415,"Core, Mark"
1416,"Barcellos, Marcília E."
1417,"Slotta, Jim"
1418,"Sedas, Mishael"
1419,"McKagan, Sarah B."
1420,"Bonsignore, Elizabeth"
1421,"Neff, Michael"
1422,"Barber-Lester, Kelly Johnson"
1423,"Wong, Lung-Hsiang"
1424,"Adams, Joshua Adams"
1425,"Bouton, Edith"
1426,"Brown, Rachael Eriksen"
1427,"Ryberg, Thomas"
1428,"Halverson, Erica Rosenfeld"
1429,"Gutierrez, Pedro J."
1430,"Price, Kimberly Michelle"
1431,"Datu, Emmanuella"
1432,"Zhang, Jiayuan"
1433,"Floryan, Mark"
1434,"Chang, Maria D"
1435,"Chase, Kiera"
1436,"Wan, Sancia Wai-San"
1437,"Clark, Douglas B."
1438,"Damsa, Crina"
1439,"Hicks, David"
1440,"Chan, Carol K. K."
1441,"Dragomir, Mihaela"
1442,"Applebaum, Lauren"
1443,"Hansen, Alice"
1444,"Bastani, Reyhaneh"
1445,"Knutsson, Ola"
1446,"Margulieux, Lauren E"
1447,"Quek, Choon Lang"
1448,"Dalvi, Tejaswini"
1449,"Lawrence, LuEttaMae"
1450,"Reeve, Richard"
1451,"Cunningham, Jahneille"
1452,"Keith, Kevin"
1453,"Fritts, Jeremy"
1454,"Moses, George"
1455,"Eylon, Bat-Sheva"
1456,"Funk, Alexandra L."
1457,"Day, Natalie"
1458,"Peng, Kun"
1459,"Schlottbom, Patrick"
1460,"Giri, Sagun"
1461,"Moczek, Armin"
1462,"Atarashi, Erika"
1463,"Halverson, Erica R."
1464,"Baker, Ryan"
1465,"Brailsford, Timothy"
1466,"Volet, Simone"
1467,"Lee, Christine"
1468,"Saiyera, Tasbire"
1469,"Clariana, Roy B."
1470,"Saucerman, Jenny"
1471,"Brune, Laura"
1472,"Werneburg, Sören"
1473,"Brayboy, Bryan McKinley Jones"
1474,"Buckingham-Shum, Simon"
1475,"Barany, Amanda"
1476,"Ludvigsen, Sten"
1477,"Edwards, Kelsey"
1478,"Fratamico, Lauren"
1479,"Velez, Rafael"
1480,"Olson, Arthur J."
1481,"Brock, Karen"
1482,"Piland, Jacob"
1483,"Munson, Jen"
1484,"Quigley, David"
1485,"Ballweber, Christy"
1486,"Ruhl, Elisa"
1487,"Russell, Randy"
1488,"Littrell-Baez, Megan"
1489,"Rosebery, Ann S"
1490,"Ruis, Andrew R."
1491,"Judele, Raluca"
1492,"Qi, Guowen"
1493,"Fossati, Davide"
1494,"Wisittanawat, Panchompoo"
1495,"Sylvan, Elisabeth"
1496,"Heffernan, Neil T."
1497,"Turpen, Chandra"
1498,"Dugdale, Michael"
1499,"Lotridge, Erin"
1500,"Henrichson, Clayton"
1501,"Vatrapu, Ravi"
1502,"Tee, Yi Huan"
1503,"Ibtasar, Rabia"
1504,"Barber-Lester, Kelly"
1505,"Messersmith, Patricia"
1506,"Zhang, Chao"
1507,"Soloway, Elliot"
1508,"van der Schaaf, Marieke F."
1509,"Giannakos, Michail"
1510,"Dresel, Markus"
1511,"Elinich, Karen"
1512,"Kern, Anne"
1513,"Voyer, Samantha"
1514,"Miller, Susan"
1515,"Chinn, Clark"
1516,"Price, Jeremy"
1517,"Lin, Chiu Pin"
1518,"Tan, Yuanru"
1519,"Sato, Takumi"
1520,"Pei, Xinning"
1521,"Byun, Sunghwan"
1522,"Gorson, Jamie"
1523,"Kam, Matthew"
1524,"Smith, Scott"
1525,"Hollingsworth, Max"
1526,"Goldwasser, Lloyd"
1527,"Young, Rose Nicole"
1528,"Sun, Yanqing"
1529,"*, Meixi"
1530,"Hartley, Kylie"
1531,"Kelton, Molly L"
1532,"Shim, Julie"
1533,"Datye, Abhaya K"
1534,"Moore, Emily B."
1535,"Dillenbourg, Pierre"
1536,"Fisher, Douglas"
1537,"Ogawa, Sonoko"
1538,"Elson, Malte"
1539,"Kang, Seokmin"
1540,"Schwartz, Daniel L."
1541,"Cheng, Harry"
1542,"Rhodes, Catherine"
1543,"Clodfelter, Erika"
1544,"Pellicone, Anthony"
1545,"Schunn, Christian"
1546,"Lyu, Siwei"
1547,"Horwitz, Paul"
1548,"Garcia, Antero"
1549,"Harty, Martha"
1550,"Zufferey, Guillaume"
1551,"Lam-Herrera, Marilu"
1552,"Kaatz, Anna"
1553,"Polman, Joseph"
1554,"Tanio, Nadine"
1555,"Hall, Kevin"
1556,"Dede, Chris"
1557,"Nachankar, Mrunal"
1558,"Yung, Benny"
1559,"Suzuki, Hideyuki"
1560,"Mendoza, Elizabeth"
1561,"Welsh, Ashley"
1562,"Kimmerle, Joachim"
1563,"Frensley, Troy"
1564,"Dutilly, Erik"
1565,"Rodriguez, Lilia"
1566,"Johnson, Angela"
1567,"Gold, Anne U."
1568,"Fricchione, Cheryl"
1569,"Chagab, Noha"
1570,"Begnagh, Reza Feyzi"
1571,"Nerland, Monika"
1572,"Harris, Christopher J."
1573,"diSessa, Andrea A."
1574,"Yamamoto, Ryota"
1575,"Anderson, Richard C."
1576,"Clarke, Julia"
1577,"Peh, Gao Xian"
1578,"Cattaneo, Alberto A. P."
1579,"Craig, Kalani"
1580,"Sasaki, Hiroshi"
1581,"Ling, Lee Yu"
1582,"Kamsan, Muhamad Ansar B."
1583,"Jung, Jiyoon"
1584,"Xing, Chenmu"
1585,"Fogo, Bradley"
1586,"Daniel, Shannon M."
1587,"White, Geneva"
1588,"Hoppe, H. Ulrich"
1589,"Shanahan, Katherine"
1590,"Hu, Liru"
1591,"Shin, Minyoung"
1592,"Kyllonen, Patrick"
1593,"Hirsh, Alon"
1594,"Champion, Dionne"
1595,"Rienties, Bart"
1596,"Zhu, Mengxiao"
1597,"Marin, Ananda Maria"
1598,"Dorph, Rena"
1599,"Taraboulsi, Sherine El"
1600,"Moore, Allison"
1601,"Wei, Yu"
1602,"Vo, Tina"
1603,"Bang, Megan"
1604,"Calandra, Brendan"
1605,"St. Clair M St. Clair St. Clair, Natalya"
1606,"Tyler, Burr"
1607,"Biemans, Harm"
1608,"Lyons, Leila"
1609,"Wilson, Caitlin"
1610,"Shaban, Yara"
1611,"Fu, Ella"
1612,"Murphy, P. Karen"
1613,"Jipson, Jennifer"
1614,"Meier, Elisabeth"
1615,"Krämer, Nicole"
1616,"Harding, Tricia"
1617,"Walker, Justice T."
1618,"Phillips, Anna McLean"
1619,"Cruz, Daniel"
1620,"Osborne, Jonathan"
1621,"Barbieri, Christina"
1622,"Cervantes, Francisco"
1623,"Heo, Gyeong Mi"
1624,"Catrambone, Richard"
1625,"Ogan, Amy"
1626,"Eagan, Brendan R"
1627,"Flekova, Lucie"
1628,"Greeno, James G."
1629,"Lowenthal, Patrick R."
1630,"Choi, Sung-Youn"
1631,"Keicher, Anne"
1632,"York, Adam"
1633,"C.Linn, Marcia"
1634,"Tytler, Russell"
1635,"Goldberg, Tsafrir"
1636,"Barrat, Alain"
1637,"Greenleaf, Cynthia"
1638,"Kohlhauf, Lucia"
1639,"Reichersdorfer, Elisabeth"
1640,"McGowan, Veronica"
1641,"Walker, Breya"
1642,"Lotz-Sisitka, Heila"
1643,"McMullen, Kyla"
1644,"Plane, Angelisa C."
1645,"Warrick, Elizabeth"
1646,"Shute, Valerie"
1647,"Guthrie, Mareca"
1648,"Rosé, Carolyn P."
1649,"Goeke, Megan"
1650,"Peddycord, Barry"
1651,"de Laat, Maarten"
1652,"Nguyen, Tung"
1653,"Bresser, Nicolas"
1654,"May, Aaron"
1655,"Silva, Brenda A. López"
1656,"Arnseth, Hans Christian"
1657,"Bannister, Nicole"
1658,"Nathan, Mitchell"
1659,"Lajoie, Susanne"
1660,"Abelson, Hal"
1661,"Safronova, Maria"
1662,"Li, Yi"
1663,"Evans, Chad"
1664,"Krämer, Nicole"
1665,"Delen, Ibrahim"
1666,"Seufert, Tina"
1667,"Sumner, Tamara"
1668,"Pratt, Wanda"
1669,"Bakker, Arthur"
1670,"Flores, Yuliana"
1671,"Fortus, David"
1672,"Patikorn, Thanaporn"
1673,"Sarenius, Vesa-Matti"
1674,"Vanderbeke, Marie"
1675,"Lewis, Armanda"
1676,"Gardner, Stephanie"
1677,"Hesse, Friedrich W."
1678,"Baker, Ryan S."
1679,"Kidron, Adi"
1680,"Mulder, Martin"
1681,"Khattak, Laaraib"
1682,"Goldin-Meadow, Susan"
1683,"Li, Taihua"
1684,"Beck, Stephan"
1685,"Oistad, Benjamin"
1686,"Chen, Xiaodi"
1687,"Shechtman, Nicole"
1688,"Hathaway, Kennedy"
1689,"Häkkinen, Päivi"
1690,"Reiss, Kristina"
1691,"Roy, Dan"
1692,"Greenwich, Joel Gallegos"
1693,"Jimenez, Elizabeth Yakes"
1694,"Light, Gregory J."
1695,"Bohrmann-Linde, Claudia"
1696,"Sigley, Robert"
1697,"Hayes, Elisabeth"
1698,"Penuel, Bill"
1699,"Kanasa, Harry"
1700,"Greenhow, Christine"
1701,"Depaepe, Fien"
1702,"Huang, Lixiao"
1703,"Lee, Nathanie"
1704,"de Jong, Ton"
1705,"Walden, Von"
1706,"Galloway, Emily Phillips"
1707,"Klopfer, Eric"
1708,"Keifert, Danielle T."
1709,"Häkkinen, Päivi"
1710,"Franklin, Scott"
1711,"Yang, Diyi"
1712,"Kibler, Kristin Watson"
1713,"DiGiacomo, Daniela"
1714,"Ashley, Robert W."
1715,"San Antonio-Tunis, Christopher"
1716,"Wang, Catherine"
1717,"Searcy, John"
1718,"Martinuk, Mathew"
1719,"Anderson, Janice L."
1720,"Brownell, Sara"
1721,"Kalaitzidis, TJ"
1722,"Hilppö, Jaakko"
1723,"Chao, Jie"
1724,"Lord, Trudi"
1725,"Acharya, Arup"
1726,"Jain, Rishika"
1727,"Dieckmeyer, Emily"
1728,"Rosenberg, Joshua"
1729,"Guo, Yu"
1730,"Wan, Haipeng"
1731,"Nakayama, Takahiro"
1732,"Mote, Chad"
1733,"Sabanovic, Selma"
1734,"Thummaphan, Phonraphee"
1735,"Tucker, Thomas"
1736,"Levin, Nehama - Levin"
1737,"Smith, Shaunna F"
1738,"Mohney, Michael R."
1739,"Nasir, Na'ilah Suad"
1740,"Pham, Duy"
1741,"Gong, Bowyee"
1742,"Stroud, Brandon"
1743,"Zhang, Heyi"
1744,"Han, Shenshen"
1745,"O'Malley, Claire"
1746,"Chuong, Steven"
1747,"Gonzalez, Carlos"
1748,"Jordan-Douglass, Anna"
1749,"Barth, Armin"
1750,"Dance, Sequoia Lynn"
1751,"Vosniadou, Stella"
1752,"Novak, Michael"
1753,"Buitrago, Juanita"
1754,"Katzen, Monica"
1755,"Littleton, Karen"
1756,"Forssell, Karin S."
1757,"Bienkowski, Marie"
1758,"Stanford, Tina"
1759,"Preszler, Noelle Conforti"
1760,"Ristvey, John D."
1761,"Kintsch, Eileen"
1762,"Warren, Beth"
1763,"Yang, Chenglei"
1764,"Kirschner, Paul"
1765,"Kwok, Amy"
1766,"Murray, Julia"
1767,"D’Angelo, Sarah"
1768,"Jackson, Jonathan"
1769,"Kolodner, Janet L."
1770,"Rico-Beck, Laura"
1771,"Corrigan, Seth"
1772,"Ricca, Bernard"
1773,"Meyer, Chris"
1774,"Funaoi, Hideo"
1775,"Rentschler, Mark E."
1776,"Rahm, Jrene"
1777,"Killingsworth, Stephen"
1778,"Slagel, Chaucey"
1779,"Barber, Jacqueline"
1780,"Yao, Zheng"
1781,"Zheng, Tainian"
1782,"Herbel-Eisenmann, Beth"
1783,"Gerber, Elizabeth"
1784,"Hamada, Rhonya A"
1785,"Mulvey, Elizabeth"
1786,"Lee, Jiyeon"
1787,"Faulkner, Roosevelt"
1788,"Dow, Steven"
1789,"Goodwin, Amanda"
1790,"Packer, Martin J."
1791,"Bouchet, François"
1792,"Waugh, Amanda"
1793,"Lovett, Marsha"
1794,"Rothschuh, Stefan"
1795,"Carnes, Molly"
1796,"Pham, Josephine"
1797,"Woods, Philip"
1798,"Shea, Molly"
1799,"Fynes-Clinton, Elizabeth"
1800,"Gray, Steven"
1801,"Franklin, Scott V."
1802,"Trickett, Susan"
1803,"Rahm, Jrène"
1804,"Talis, Vadim"
1805,"Lakkala, Minna"
1806,"Russ, Rosemary S."
1807,"Najafi, Hedieh"
1808,"Yamauchi, Yuhei"
1809,"Hernly, Kenna"
1810,"Stromholt, Shelley"
1811,"Lee, Jong Ha"
1812,"Kubota, Yoshihiko"
1813,"Shehab, Saadeddine"
1814,"Chase, Catherine C."
1815,"Cordero, Mikey"
1816,"Alibali, Martha W."
1817,"Rowe, Jonathan"
1818,"Hill, Roger B."
1819,"Chai, Shaoming"
1820,"Tempelaar, Dirk"
1821,"Mislevy, Robert J."
1822,"Cannady, Matthew A."
1823,"Teeters, Leah"
1824,"Griffin, Jane"
1825,"Fuqua, Aeslya"
1826,"Bulalacao, Nicole"
1827,"Valcarcel, Joshua"
1828,"Hamaoui, Marie"
1829,"Cocco, Felipe"
1830,"Palmgren, Elina"
1831,"Levinson, Amber"
1832,"Ramos, Grecia"
1833,"Beck, Stephanie"
1834,"Gubbels, Michael"
1835,"Phillips, Nathan"
1836,"Ghanem, Christian"
1837,"Kelton, Molly"
1838,"Suthers, Dan"
1839,"Libberton, Jason"
1840,"Lin, Chiu-Pin"
1841,"Shin, Namsoo"
1842,"Prain, Vaughan"
1843,"O'Neill, D. Kevin"
1844,"Schank, Patricia"
1845,"Brown, Willard"
1846,"Neuhaus, Birgit Jana"
1847,"Peterman, Tana"
1848,"Pavlik, Philip"
1849,"Pesanayi, Tichaona"
1850,"Oguamanam, Vanessa"
1851,"Boston, Carol"
1852,"Dmello, Sidney DMello"
1853,"Kutsson, Ola"
1854,"Schneider, Emily"
1855,"de los Santos, Elizabeth Xeng"
1856,"Trăușan-Matu, Ștefan"
1857,"Waala, Jessica"
1858,"Fan, Min"
1859,"Vondracek, Mark"
1860,"Gil, Alfredo Jornet"
1861,"Poitras, Eric"
1862,"McIntyre, Cynthia"
1863,"Virkkunen, Jaakko"
1864,"Rojas-Perilla, Diego"
1865,"Mommandi, Wagma"
1866,"Kafai, Yasmin"
1867,"Wang, Min"
1868,"Krajcik, Joe"
1869,"Ostrow, Korinn"
1870,"Järvelä, Sanna"
1871,"Tamminga, Kenneth"
1872,"Misra, Chandrani"
1873,"Amzalag, Meital"
1874,"Small, Steven L."
1875,"Nacu, Denise C."
1876,"Fröhlich, Bernd"
1877,"Walker, Erin A."
1878,"Kimball, Nathan"
1879,"Thompson, Meredith"
1880,"Meyer, Eric"
1881,"Castillo, Tim"
1882,"Schall, Max"
1883,"Alston, Alice"
1884,"Siyahhan, Sinem"
1885,"Neill, Tiffany"
1886,"Nickels, Katherine"
1887,"Khosronejad, Maryam"
1888,"Abbott, Robert D."
1889,"Eitel, Karla Bradley"
1890,"Sheldon, Josh"
1891,"Ahonen, Arto K."
1892,"Liu, Yu"
1893,"Millet, Chris"
1894,"Cunningham, Christine M."
1895,"Wienberg, Christopher"
1896,"Wallace, Scott R"
1897,"Danahy, Ethan"
1898,"Bell, Alexander"
1899,"Kumpulainen, Kristiina"
1900,"Schimpf, Corey"
1901,"Kokku, Ravindranath"
1902,"Hori, Kimihiko"
1903,"Vye, Nancy"
1904,"Dagan, Efrat"
1905,"Jones, W. Monty"
1906,"de Royston, Maxine McKinney"
1907,"Rodela, Katherine"
1908,"Toutkoushian, Emily"
1909,"Baker, Sara"
1910,"Ng, Kher Hui"
1911,"Iiskala, Tuike"
1912,"Williams, Joseph Jay"
1913,"González, Lydia Marion"
1914,"Kolodziej, Richard"
1915,"Uttal, David"
1916,"Nourian, Saeid"
1917,"Dalsen, Jennifer"
1918,"Essmiller, Kathy"
1919,"Behrendt, Lena"
1920,"Riviere, Dominique"
1921,"van Heuven, Walter"
1922,"McElhaney, Kevin"
1923,"Paugh, Patricia"
1924,"Feraud, Iván Silva"
1925,"Reimann, Peter"
1926,"Baruch, Alona Forkosh"
1927,"Reiser, Brian"
1928,"Sysoev, Ivan"
1929,"Caires, Roxane"
1930,"Boxerman, Jonathan"
1931,"McLachlan, Lisa"
1932,"Weiss, David M."
1933,"Chavez, Rosa"
1934,"Severance, Sam"
1935,"Trăușan-Matu, Ștefan"
1936,"Stamper, John"
1937,"Ross, Jen"
1938,"Moorthy, Savitha"
1939,"Smith, Carmen Petrick"
1940,"Albrecht, Julia"
1941,"Metz, Kathleen E."
1942,"Groneman, Christine"
1943,"Serlin, Ronald"
1944,"Close, Hunter G."
1945,"Liuzzi, Richard"
1946,"Vargas, Penelope"
1947,"Zhou, Chao"
1948,"Nachlieli, Talli"
1949,"Green, Nick"
1950,"Smith, Blaine Elizabeth"
1951,"van Heijst, Hennie"
1952,"Wan, Jarrad"
1953,"Maquil, Valerie"
1954,"Messina, Richard"
1955,"Murphy, Robert"
1956,"Sawtelle, Vashti"
1957,"Sadler, Philip"
1958,"Denton, Rebecca"
1959,"Kauffman, Kyle"
1960,"Noor, Jama"
1961,"Franke, Baker E"
1962,"Tyson, Kersti"
1963,"Carney, Michael"
1964,"Naik, Shweta"
1965,"Vincent, Marie-Caroline"
1966,"Miller, Alison R."
1967,"Oliver, Mary"
1968,"Gerber, Elizabeth M."
1969,"Peck, Raphaela"
1970,"Tsai, Chin-Chung"
1971,"Carstens, Franziska"
1972,"Smothers, Cinzia Villanucci"
1973,"Jin, Yinglian"
1974,"Bartell, Tonya"
1975,"Chandrasekharan, Sanjay"
1976,"Zaner, Sarah"
1977,"Katz, Vikki"
1978,"Eshet-Alaklai, Yoram"
1979,"Cook, Lucas"
1980,"Schaefer, Sara"
1981,"Dimitriadis, Yannis"
1982,"Neumeister, Michael"
1983,"Meyer, Xenia S."
1984,"O'Brien, Kate"
1985,"Piergallini, Mario"
1986,"McElhaney, Kevin W."
1987,"Qiu, Chen"
1988,"Phillips, Abigail Leigh"
1989,"Hung, Guo-Tsai"
1990,"Perkins, Katherine K."
1991,"Law, Victor"
1992,"Cordero, Eugene"
1993,"Gergle, Darren"
1994,"Verma, Himanshu"
1995,"Narasimham, Gayathri"
1996,"Christmann, Nina"
1997,"Chi, Min"
1998,"Huang, Jason"
1999,"Beheshti, Elham"
2000,"Wortham, Stanton"
2001,"Jin, Hui"
2002,"Philip, Thomas M."
2003,"Tinker, Robert"
2004,"Stucker, Michael"
2005,"Boardman, Alison"
2006,"Hovis, Ken"
2007,"Wiedmann, Michael"
2008,"Zimmerman, Randi M."
2009,"Cuendet, Sebastien"
2010,"Caceres, Zulay Diaz"
2011,"Ford, Cecilia E."
2012,"Traut, Hilary"
2013,"Nam, Beth"
2014,"Fujita, Wataru"
2015,"Buis, Stan C. A."
2016,"Etkina, Eugenia"
2017,"Nenadal, Linsdey"
2018,"Dickler, Rachel"
2019,"Chiyonishio, Yuji"
2020,"Bain, Connor"
2021,"Grotzer, Tina"
2022,"G, Nagarjuna"
2023,"Kong, Fan"
2024,"Martin, Andrew"
2025,"Yee, Nikki"
2026,"Smyth, Cliff"
2027,"Moskaliuk, Johannes"
2028,"Jordan, Rebecca"
2029,"Warren, Jillian"
2030,"Kooser, Ara"
2031,"Talbot, Robert"
2032,"Cournoyer, Nathan"
2033,"Carlone, Heidi"
2034,"Leckey, Erin H."
2035,"Shumar, Wesley"
2036,"Lahav, Orly"
2037,"Brandes, Ofra"
2038,"Gu, Xiaoqing Gu"
2039,"Zaidi, Sania Zahra"
2040,"Odemwingie, O. Carlette"
2041,"Rose, Carolyn"
2042,"Pan, Yi-Cheng"
2043,"Courshon, Caitlin"
2044,"Nakaya, Kae"
2045,"Burns, Mary"
2046,"Kinnebrew, John S."
2047,"Weatherly, John"
2048,"Eliason, Chad"
2049,"Collin, Jonas"
2050,"Kim, Dongsik"
2051,"Kolb, John"
2052,"Costa, Stacy"
2053,"Martin, Kit"
2054,"Hämäläinen, Raija"
2055,"Chen, Yuxin"
2056,"Zahid, Aejaz"
2057,"Sedik, Zahira Mohd"
2058,"Slater, Stefan"
2059,"Rebedea, Traian"
2060,"Barker, Lisa M."
2061,"Ryu, Minjung"
2062,"Levenson, Eda"
2063,"Crooks, Noelle"
2064,"Gravel, Brian"
2065,"Modrek, Anahid S."
2066,"Yu, Jinjian"
2067,"van Gog, Tamara"
2068,"Wong-Loke, Constance"
2069,"Schmitt, Lara"
2070,"Abelein, Hannah"
2071,"Gleasman, Cory"
2072,"Dvir, Michal"
2073,"von Davier, Alina"
2074,"Ng, Dingxuan"
2075,"Miller, Ben J"
2076,"Benedict-Chambers, Amanda"
2077,"Feldon, David F"
2078,"Medin, Douglas L."
2079,"Khamis, Nur Azarina"
2080,"Wasson, Barbara"
2081,"Andrews, Jessica J."
2082,"Dich, Yong Li"
2083,"Torralba, José Antonio"
2084,"Ocumpaugh, Jaclyn"
2085,"Caleon, Imelda"
2086,"Bhattacharya, Devarati"
2087,"Louw, Marti"
2088,"Ayer, Tugba"
2089,"Shareff, Rebecca"
2090,"Feinstein, Noah Weeth"
2091,"Britton, Edward"
2092,"Quick, Joshua D."
2093,"Brett, Clare"
2094,"Yu, Sheng-Quan"
2095,"Greene, Jeffrey Alan"
2096,"Riedel-Kruse, Ingmar"
2097,"Hurwich, Talia A"
2098,"Goldwater, Micah"
2099,"Widman, Sari A."
2100,"Yamada, Yuki"
2101,"Scipio, Deana A"
2102,"Bronet, Murray"
2103,"Lamnina, Marianna"
2104,"Nsair, Ali"
2105,"Hetmanek, Andreas"
2106,"Tai, Robert"
2107,"Pendergast, Laura L"
2108,"Pastor, Dena Ann"
2109,"Lee, Jin Ha"
2110,"Cavera, Veronica L."
2111,"DeLaRosa, Mia"
2112,"Tally, William"
2113,"Guzdial, Mark"
2114,"Grainger, Rebecca"
2115,"Henry, Jessica"
2116,"Pozen, Rebecca"
2117,"Passmore, Cynthia"
2118,"Daxenberger, Johannes"
2119,"Carney, Michele"
2120,"Hochgreb-Haegele, Tatiana"
2121,"Luce, Megan"
2122,"Bruton, Rebecca"
2123,"Sutherland, LeeAnn"
2124,"Garza, Veronica"
2125,"Price, Emily"
2126,"Kunnen, Saskia"
2127,"Cooper, Stephen"
2128,"Stanciu, Ionuț Dorin"
2129,"Beauvineau, Yves"
2130,"Arukovic, Selma"
2131,"Fritzsche, Eva S."
2132,"Klein, Elaine"
2133,"Cuendet, Sébastien"
2134,"Zepeda, Cristina D."
2135,"Samei, Borhan"
2136,"Bal, Aydin"
2137,"Kang, Seokbin"
2138,"Romine, William"
2139,"Milrad, Marcelo"
2140,"Pompea, Stephen"
2141,"Maltese, Adam"
2142,"Madhok, Jacquie"
2143,"Pardos, Zachary A."
2144,"Baker-Doyle, Kira J"
2145,"Ford, Michael J."
2146,"Ngoc, Hung Pham"
2147,"Shumway, Jessica F."
2148,"Tarnai, Christian"
2149,"Cheng, Kenneth"
2150,"Runburg, Madlyn"
2151,"Williams, Caroline"
2152,"Godley, Amanda Godley"
2153,"Harrer, Benedikt Walter"
2154,"Yuan, Guangji"
2155,"Teasley, Stephanie D."
2156,"Bolzer, Markus"
2157,"Pazmino, Priscilla Jimenez"
2158,"Atit, Kinnari"
2159,"Ritella, Giuseppe"
2160,"Kane, Britnie Delinger"
2161,"Harrell, Maralee"
2162,"Chen, Kaifeng"
2163,"Lapshin, Yuri"
2164,"Lyu, Xiaoxin"
2165,"Stoyanova, Filipa"
2166,"Noushad, Noora F Noushad"
2167,"Quintana, Chris"
2168,"Rodriguez, James"
2169,"Williams, Christopher A."
2170,"Lindwall, Oskar"
2171,"Hooper, Paula K."
2172,"Fields, Deborah"
2173,"Pon-Barry, Heather"
2174,"Neumann, Knut"
2175,"Kim, Juho"
2176,"Järvenoja, Hanna"
2177,"Shaffer, David"
2178,"Mierwald, Marcel"
2179,"Pelaez, Nancy"
2180,"Rädle, Roman"
2181,"Biemans, Harm J. A."
2182,"Langemeyer, Melanie"
2183,"DeSchryver, Michael"
2184,"Levine, Susan C."
2185,"Hamid, Taha"
2186,"Kunert, André"
2187,"Li, Pei-Jung"
2188,"Dessus, Philippe"
2189,"Lozano, Cecil"
2190,"Xia, Yu"
2191,"Beck, Luisa"
2192,"Slotta, James"
2193,"Bumgardner, Karen"
2194,"Xie, Wenting"
2195,"Brown, David E."
2196,"Harris, Christopher"
2197,"Dietz, Brianna"
2198,"Robinson, Kevin"
2199,"Duckles, Joyce"
2200,"Cheng, Teng-Yao"
2201,"Swarat, Su"
2202,"Palius, Marjory F."
2203,"Bannan, Brenda"
2204,"Gao, Dandan"
2205,"Takeuchi, Lori"
2206,"Britt, M. Anne"
2207,"Doyle, Tanya"
2208,"Valcke, Martin"
2209,"Shin, Myunghwan"
2210,"Galvin, Sarah"
2211,"Knight, Daniel W."
2212,"Whiting, Justin"
2213,"Desmet, Piet"
2214,"Evans, Michael A."
2215,"Goodell, Alexandra"
2216,"Anjewierden, Anjo"
2217,"Cox, Christopher"
2218,"Parikh, Tapan S."
2219,"Smith, Brian"
2220,"Ouyang, Xueying"
2221,"Amici-Dargan, Sheila L."
2222,"Huang, Yue"
2223,"Lim, Kyu Yon"
2224,"Awwal, Nafisa"
2225,"Vens, Celine"
2226,"Lefstein, Adam"
2227,"Genz, Florian"
2228,"Gould, Mary"
2229,"Tomar, Gaurav"
2230,"Maggiore, Chrystal"
2231,"Hertel, Jonathan D."
2232,"Habron, Geoffrey"
2233,"Kang, Sin-Hwa"
2234,"de Souza, Elisabeth G."
2235,"Banks, Tarrence"
2236,"Stephens, Michelle D"
2237,"Cutler, Christopher T."
2238,"Meyerhoff, Peter"
2239,"Warchola, Gary A"
2240,"Fujii, Keita"
2241,"Chee, Joon Kit Kelvin"
2242,"Chiu, Jennifer"
2243,"Pryputniewicz, Sarah"
2244,"Vempaty, Aditya"
2245,"Kumar, Vishesh"
2246,"Searle, Kristin A."
2247,"Lee, May"
2248,"Dong, Yi"
2249,"Berg, Yngvar"
2250,"Shutt, Kari"
2251,"Johnson, Aaron"
2252,"Levy, Milana"
2253,"Grawemeyer, Beate"
2254,"Karlström, Petter"
2255,"Seely, Brian J."
2256,"Gomez, Louis M."
2257,"Soken, Ali"
2258,"Leones, Tiffany"
2259,"Van Alstyne, Ryan"
2260,"Blaskova, Lenka Janik"
2261,"Silva, Brenda Lopez"
2262,"Resnick, Lauren B."
2263,"Grimes, Sara M."
2264,"Collins, Allan"
2265,"Renkl, Alexander"
2266,"Chu, Eric"
2267,"Menzer, Melissa"
2268,"Martin, Seth A."
2269,"Sinclair, Nathalie"
2270,"Chen, Feng"
2271,"Sunbury, Susan"
2272,"Kato, Hiroshi"
2273,"Shanahan, Marie-Claire"
2274,"Gnoli, Alessandro"
2275,"Barron, Brigid"
2276,"Hillman, Thomas"
2277,"Ilomäki, Liisa"
2278,"Coffey, Janet E."
2279,"Quick, Joshua"
2280,"McGinty, Megan"
2281,"Kerr, Deirdre"
2282,"Lund, Virginia Killian"
2283,"Wagmister, Fabian"
2284,"Finzer, William"
2285,"Hajny, Nik"
2286,"McClain, Lucy Richardson"
2287,"Barrientos, Kristina"
2288,"Siler, Stephanie A."
2289,"Gurevych, Iryna"
2290,"van Joolingen, Wouter"
2291,"Davis, Elizabeth A."
2292,"Picinatto, Antonio Carlos"
2293,"Lin, Qinyun"
2294,"Lantz-Andersson, Annika"
2295,"Hills, Thomas"
2296,"Brami, Uzi"
2297,"MacArthur, Chris"
2298,"Newbutt, Nigel"
2299,"Silva, Alexandra"
2300,"Jones, Kimberly"
2301,"Zarate, Rosalia Chavez"
2302,"Wardak, Dewa"
2303,"Scheintaub, Hal"
2304,"Rhodes, Emily"
2305,"Halverson, Richard"
2306,"Magana, Alejandra"
2307,"Telhan, Orkan"
2308,"Swearingen, Amanda"
2309,"Blair, Kristen P."
2310,"Luehmann, April"
2311,"Conlin, Luke"
2312,"Gal, Kobi"
2313,"Van Eaton, Grant"
2314,"Wegerif, Rupert"
2315,"Adleberg, Barrie"
2316,"Bruton, Ilana"
2317,"Quintana, Rebecca M."
2318,"Körndle, Hermann"
2319,"Lehtinen, Erno"
2320,"Koedinger, Kenneth R."
2321,"Shear, Linda"
2322,"Bell, Adam"
2323,"Wylie, Alison"
2324,"Laslo, Esther"
2325,"Payne, Scott"
2326,"Lauricella, Alexis R."
2327,"Dyke, Gregory"
2328,"Adams, Deanne"
2329,"Koretsky, Milo"
2330,"Schumacher, Ralph"
2331,"McGill, Tara"
2332,"Soltangheis, Mina"
2333,"Addeh, Afe"
2334,"Sfard, Anna"
2335,"Israel, Maya"
2336,"Hever, Rakheli"
2337,"Meng, Xiangxu"
2338,"Peebles, Ben"
2339,"Bhatnagar, Sameer"
2340,"Constantin, Ana- Maria"
2341,"Laumatia, Laura"
2342,"Touioui, Ferdous"
2343,"Krinks, Kara"
2344,"Quinn, Kimberly A."
2345,"Lindberg, Lindsay"
2346,"Kulkarni, Chinmay"
2347,"Koestler, Courtney"
2348,"Easterday, Matthew"
2349,"Pinkard, Nichole"
2350,"Molenaar, Inge"
2351,"Emmanuel, Navo"
2352,"Ferrara, Francesca"
2353,"Hori, Naoto"
2354,"Herrmann, Thomas"
2355,"Gonzalez, Martha Rocío"
2356,"Holmes, Wayne"
2357,"Schoenfeld, Ilana"
2358,"Diera, Claudia"
2359,"Rogge, Carson"
2360,"Renshaw, Peter"
2361,"Newman, Greg"
2362,"Illum, Randy"
2363,"Helding, Brandon"
2364,"Toom, Auli"
2365,"Alozie, Nonye"
2366,"Luna, Melissa J."
2367,"Håklev, Stian"
2368,"Price, Nancy"
2369,"Tong, Yurui"
2370,"Lester, James"
2371,"Resnick, Lauren"
2372,"Uchidiuno, Judith"
2373,"Nolan, Charlene Montano"
2374,"Guidalli, Barbara"
2375,"Choi, Koun"
2376,"Rosebery, Ann"
2377,"Erickson, Tim"
2378,"Torralba, Juan"
2379,"Litvack, Elyse"
2380,"Banerjee, Amartya"
2381,"Krehbiel, Matt D."
2382,"Alvarenga, Claire"
2383,"Baradaran, Nilou"
2384,"Panagiotopoulos, Dimitrios"
2385,"D'Amico, Laura"
2386,"Heck, Tamara"
2387,"Wingert, Kerri"
2388,"Chikunda, Charles"
2389,"Froehlich, Jon E."
2390,"Ramberg, Robert"
2391,"Frank, Kenneth A."
2392,"Macaranas, Anna"
2393,"Leiba, Moshe"
2394,"Krange, Ingeborg"
2395,"Vänninen, Irene"
2396,"Duck, Jennifer"
2397,"Selent, Douglas"
2398,"K.Martin, Caitlin"
2399,"Cobb, Sue"
2400,"Moses, Robert"
2401,"Simon, Erica"
2402,"Shaw, Sam"
2403,"Nutchey, David"
2404,"Wendel, Daniel"
2405,"Seah, Lay Hoon"
2406,"Kajamaa, Anu"
2407,"Wilde, Lorin"
2408,"Rogoff, Barbara"
2409,"Ryoo, Kihyun “Kelly”"
2410,"Regalla, Lisa"
2411,"Steinkuehler, Constance"
2412,"Godinez, Erick Velazquez"
2413,"Paré, Dylan"
2414,"Swidan, Osama"
2415,"Sherin, Miriam"
2416,"Davis, Richard"
2417,"del Castillo, Fernando Diaz"
2418,"Graesser, Art"
2419,"Allen, Shawndra"
2420,"McDonald, Scott P."
2421,"Fitz-Gibbon, Taylor"
2422,"Schwendimann, Beat"
2423,"Leenaars, Frank"
2424,"Lee, Yew Jin"
2425,"Miller, Katie A"
2426,"Peters, Olaf"
2427,"Lundin, Mona"
2428,"Long, Yanjin"
2429,"Rutstein, Daisy"
2430,"Lakhani, Heena"
2431,"Elias, Nelly"
2432,"Cook, Claire"
2433,"Lee, June H."
2434,"Virk, Satyugjit"
2435,"Chin, Doris B."
2436,"Ratté, Sylvie"
2437,"Segal, Avi"
2438,"Tammi, Tuure"
2439,"Bachfischer, Agnieszka"
2440,"Steele, K-Fai"
2441,"Bild, David"
2442,"Boroujeni, Mina Shirvani"
2443,"Umphress, Jessica"
2444,"Nijland, Femke"
2445,"Narciss, Susanne"
2446,"Mäkitalo, Åsa"
2447,"Snow, Eric"
2448,"Van Keer, Hilde"
2449,"Davis, Katie"
2450,"Kent, Carmel"
2451,"Snyder, Anne"
2452,"Wartella, Ellen"
2453,"Barnes, Jackie"
2454,"Vauras, Marja"
2455,"Lehrer, Richard"
2456,"Turker, Aybuke"
2457,"Gaus, Katharina"
2458,"Makini, Sneha Priscilla"
2459,"Froehlich, Jon"
2460,"Joyce-Gibbons, Andrew"
2461,"Bransford, John"
2462,"Gibbons, Thor"
2463,"Shen, Chia"
2464,"Guyevskey, Victoria"
2465,"Guillemette, Jonathan"
2466,"Krogh-Jespersen, Sheila"
2467,"George, Mari Anne"
2468,"Guerra, Paulo"
2469,"Parisio, Martin"
2470,"McDermott, Raymond"
2471,"Campen, Carolien Knoop-van"
2472,"Ferrari, Giulia"
2473,"Francois, Annamarie"
2474,"Solli, Anne"
2475,"Nielsen, Rodney D."
2476,"Kosonen, Kari"
2477,"Pennock, Phyllis Haugabook"
2478,"Robertson, Amy"
2479,"Brand, Michala"
2480,"Pitt, Caroline"
2481,"Ng, Meixi"
2482,"Hoadley, Christoper"
2483,"Pugh, Priya"
2484,"Echevarria, Ruben"
2485,"von Davier, Alina A."
2486,"Phillips, Nathan C"
2487,"Cain, Ryan"
2488,"Griffin-EL, Nosakhere"
2489,"Burke, Jeff"
2490,"Heller, Joan I"
2491,"Plass, Jan L."
2492,"Eimler, Sabrina"
2493,"Rivera, Valeria M."
2494,"Rinhart, Ronald W."
2495,"Vanlint, Alice"
2496,"Lewittes, Becky"
2497,"Wigmore, Peter"
2498,"Guloy, Sheryl"
2499,"Williams, Michelle"
2500,"Lesama, Manoel Flores"
2501,"Shaw, Ashley"
2502,"Hopkins, Megan"
2503,"Funk, Alexandra"
2504,"Fauville, Géraldine"
2505,"Segedy, James R."
2506,"Querol, Marco Pereira"
2507,"Heffernan, Neil T"
2508,"Edelson, Daniel C."
2509,"Gemmell, Jonathan"
2510,"Parsons, Sarah"
2511,"Aditomo, Anindito"
2512,"Vieira, Camilo"
2513,"Mukhi, Nirmal"
2514,"Scalone, Giovanna"
2515,"Bedell, Kristin Dana Bedell"
2516,"Chang, Stephanie"
2517,"Squire, Kurt"
2518,"Roy, Deb"
2519,"Farnsworth, Jesse"
2520,"Pardos, Zach"
2521,"Dussault, Mary"
2522,"Hladik, Stephanie"
2523,"Prusak, Naomi"
2524,"Mäkitalo, Åsa"
2525,"Mahoney, Charlie"
2526,"Edwards, Ann R."
2527,"Ricarte, Thales"
2528,"Gonzales, Wendy"
2529,"Bolling, Amy"
2530,"Reichsman, Frieda"
2531,"Olsen, Al"
2532,"Deng, Mario C."
2533,"Klahr, David"
2534,"Heijnes, Dewi"
2535,"Palincsar, Annemarie S."
2536,"Marshall, Stefanie Marshall"
2537,"Ronen, Michaela"
2538,"Säljö, Roger"
2539,"Wiese, Elaine Stampfer"
2540,"Kielstra, Jolique"
2541,"Duek, Oshra"
2542,"Raicu, Daniela"
2543,"Gouveia, Christine"
2544,"Silva, Brenda López"
2545,"Smith, Jeremy"
2546,"Martin, Caitlin Kennedy"
2547,"Sandoval, William"
2548,"Clark, Doug"
2549,"Greenberg, Day"
2550,"McAuley, Alexander"
2551,"Carmichae, Jaclyn"
2552,"Rook, Michael M."
2553,"Shirrell, Matthew"
2554,"Winne, Phil"
2555,"Levy, Keren S."
2556,"Holland, Jennifer"
2557,"Ben-Horin, Hava"
2558,"McEldoon, Katherine"
2559,"Briggs, Derek"
2560,"Montané, Mireia"
2561,"Martell, Emma"
2562,"Varner, Laura K."
2563,"Lee, Irene"
2564,"Rafaeli, Sheizaf"
2565,"Buessing, Shawn"
2566,"Yang, Christine"
2567,"Haganah, Sara"
2568,"Chattergoon, Rajendra"
2569,"Phillips, Abigail"
2570,"Nunes, Cesar"
2571,"Schmidt, Ani"
2572,"Tietjen, Phil"
2573,"Schreurs, Bieke"
2574,"Tal, Tali"
2575,"Fields, Gabriel"
2576,"Rubin, Andee"
2577,"Whitfield, Latricia Chanel Whitfield"
2578,"Xia, Lei"
2579,"van Amersfoort, Daniël"
2580,"Lee, Victoria"
2581,"Hansen, Jennifer"
2582,"Weiss, Patrice L. Tamar"
2583,"Spillane, James"
2584,"Weiss, Patrice L."
2585,"Corning, Wiley"
2586,"Washington, Peter"
2587,"Temple, Will"
2588,"Mustafaraj, Eni"
2589,"Maes, Pattie"
2590,"Vinha, Telma"
2591,"Sorensen, Clara"
2592,"Laurillard, Dianna"
2593,"Hong, James"
